1,1
1,0.98
0.99987,0.96008
0.99963,0.94023
0.99926,0.92046
0.99876,0.90077
0.99815,0.88116
0.99742,0.86164
0.99657,0.8422
0.99561,0.82284
0.99453,0.80358
0.99333,0.7844
0.99203,0.76532
0.99061,0.74633
0.98908,0.72744
0.98745,0.70863
0.9857,0.68993
0.98386,0.67133
0.9819,0.65282
0.97985,0.63442
0.97769,0.61612
0.97543,0.59792
0.97307,0.57982
0.97061,0.56184
0.96806,0.54396
0.9654,0.52619
0.96266,0.50853
0.95982,0.49098
0.95689,0.47354
0.95387,0.45621
0.95076,0.439
0.94756,0.42191
0.94428,0.40493
0.94091,0.38806
0.93745,0.37132
0.93391,0.35469
0.93029,0.33819
0.92659,0.3218
0.92281,0.30554
0.91895,0.2894
0.91502,0.27338
0.91101,0.25748
0.90692,0.24171
0.90277,0.22607
0.89854,0.21055
0.89424,0.19516
0.88987,0.1799
0.88543,0.16476
0.88093,0.14976
0.87636,0.13488
0.87172,0.12013
0.86702,0.10552
0.86226,0.091033
0.85744,0.07668
0.85256,0.062459
0.84763,0.04837
0.84263,0.034415
0.83758,0.020593
0.83247,0.0069051
0.82731,-0.0066485
0.8221,-0.020067
0.81684,-0.033351
0.81152,-0.0465
0.80616,-0.059513
0.80075,-0.07239
0.79529,-0.08513
0.78979,-0.097735
0.78424,-0.1102
0.77865,-0.12253
0.77302,-0.13473
0.76735,-0.14678
0.76164,-0.1587
0.75588,-0.17048
0.75009,-0.18213
0.74427,-0.19363
0.7384,-0.205
0.73251,-0.21623
0.72658,-0.22732
0.72062,-0.23828
0.71462,-0.2491
0.7086,-0.25977
0.70255,-0.27031
0.69647,-0.28072
0.69036,-0.29098
0.68423,-0.30111
0.67807,-0.3111
0.67189,-0.32095
0.66568,-0.33067
0.65945,-0.34024
0.65321,-0.34968
0.64694,-0.35899
0.64065,-0.36815
0.63435,-0.37718
0.62802,-0.38608
0.62169,-0.39483
0.61533,-0.40346
0.60897,-0.41194
0.60258,-0.42029
0.59619,-0.42851
0.58979,-0.43659
0.58337,-0.44454
0.57695,-0.45235
0.57051,-0.46003
0.56407,-0.46757
0.55763,-0.47499
0.55117,-0.48227
0.54471,-0.48942
0.53825,-0.49643
0.53178,-0.50332
0.52531,-0.51007
0.51884,-0.51669
0.51237,-0.52319
0.5059,-0.52955
0.49943,-0.53579
0.49296,-0.54189
0.48649,-0.54787
0.48002,-0.55372
0.47356,-0.55945
0.46711,-0.56504
0.46066,-0.57052
0.45421,-0.57586
0.44777,-0.58108
0.44134,-0.58618
0.43492,-0.59115
0.42851,-0.59601
0.4221,-0.60073
0.41571,-0.60534
0.40933,-0.60982
0.40296,-0.61419
0.3966,-0.61843
0.39026,-0.62256
0.38393,-0.62657
0.37761,-0.63046
0.37131,-0.63423
0.36503,-0.63788
0.35876,-0.64142
0.35251,-0.64485
0.34628,-0.64816
0.34006,-0.65135
0.33386,-0.65444
0.32769,-0.65741
0.32153,-0.66027
0.31539,-0.66302
0.30928,-0.66566
0.30319,-0.66819
0.29711,-0.67061
0.29107,-0.67292
0.28504,-0.67513
0.27904,-0.67723
0.27306,-0.67922
0.26711,-0.68111
0.26119,-0.6829
0.25529,-0.68458
0.24941,-0.68616
0.24356,-0.68764
0.23774,-0.68902
0.23195,-0.6903
0.22619,-0.69148
0.22045,-0.69256
0.21475,-0.69355
0.20907,-0.69444
0.20342,-0.69523
0.1978,-0.69593
0.19222,-0.69654
0.18666,-0.69705
0.18114,-0.69747
0.17565,-0.69779
0.17019,-0.69803
0.16476,-0.69818
0.15937,-0.69824
0.15401,-0.69821
0.14868,-0.69809
0.14339,-0.69789
0.13813,-0.69761
0.13291,-0.69723
0.12772,-0.69678
0.12257,-0.69624
0.11745,-0.69562
0.11237,-0.69492
0.10732,-0.69414
0.10232,-0.69328
0.097343,-0.69235
0.092407,-0.69133
0.087509,-0.69024
0.082648,-0.68908
0.077825,-0.68783
0.073039,-0.68652
0.068292,-0.68513
0.063583,-0.68367
0.058913,-0.68214
0.054281,-0.68054
0.049689,-0.67887
0.045135,-0.67713
0.040621,-0.67533
0.036146,-0.67345
0.031711,-0.67152
0.027316,-0.66951
0.022961,-0.66745
0.018646,-0.66532
0.014371,-0.66313
0.010137,-0.66087
0.0059429,-0.65856
0.0017897,-0.65619
-0.0023226,-0.65375
-0.0063941,-0.65126
-0.010425,-0.64872
-0.014414,-0.64612
-0.018362,-0.64346
-0.022269,-0.64075
-0.026134,-0.63798
-0.029958,-0.63517
-0.033741,-0.6323
-0.037482,-0.62938
-0.041181,-0.62641
-0.044839,-0.62339
-0.048455,-0.62032
-0.052029,-0.61721
-0.055561,-0.61405
-0.059052,-0.61084
-0.062501,-0.60759
-0.065908,-0.6043
-0.069273,-0.60096
-0.072596,-0.59758
-0.075877,-0.59416
-0.079116,-0.5907
-0.082313,-0.5872
-0.085469,-0.58366
-0.088583,-0.58008
-0.091655,-0.57647
-0.094685,-0.57282
-0.097673,-0.56913
-0.10062,-0.56541
-0.10352,-0.56166
-0.10639,-0.55787
-0.10921,-0.55405
-0.11199,-0.55019
-0.11473,-0.54631
-0.11743,-0.5424
-0.12008,-0.53846
-0.1227,-0.53448
-0.12527,-0.53049
-0.1278,-0.52646
-0.13029,-0.52241
-0.13275,-0.51833
-0.13516,-0.51423
-0.13752,-0.51011
-0.13985,-0.50596
-0.14214,-0.50179
-0.14439,-0.4976
-0.1466,-0.49339
-0.14876,-0.48915
-0.15089,-0.4849
-0.15298,-0.48063
-0.15503,-0.47634
-0.15704,-0.47204
-0.159,-0.46772
-0.16093,-0.46338
-0.16282,-0.45903
-0.16468,-0.45466
-0.16649,-0.45028
-0.16826,-0.44588
-0.17,-0.44148
-0.17169,-0.43706
-0.17335,-0.43263
-0.17497,-0.42819
-0.17655,-0.42374
-0.1781,-0.41928
-0.17961,-0.41482
-0.18108,-0.41034
-0.18251,-0.40586
-0.18391,-0.40137
-0.18527,-0.39688
-0.18659,-0.39238
-0.18787,-0.38788
-0.18912,-0.38337
-0.19034,-0.37886
-0.19152,-0.37435
-0.19266,-0.36983
-0.19377,-0.36531
-0.19484,-0.36079
-0.19588,-0.35628
-0.19688,-0.35176
-0.19785,-0.34724
-0.19878,-0.34272
-0.19968,-0.33821
-0.20055,-0.33369
-0.20138,-0.32918
-0.20218,-0.32468
-0.20294,-0.32017
-0.20367,-0.31567
-0.20437,-0.31118
-0.20504,-0.30669
-0.20568,-0.30221
-0.20628,-0.29773
-0.20685,-0.29327
-0.20739,-0.28881
-0.2079,-0.28435
-0.20838,-0.27991
-0.20883,-0.27547
-0.20924,-0.27105
-0.20963,-0.26663
-0.20999,-0.26222
-0.21031,-0.25783
-0.21061,-0.25344
-0.21088,-0.24907
-0.21112,-0.24471
-0.21133,-0.24036
-0.21151,-0.23602
-0.21166,-0.2317
-0.21179,-0.22739
-0.21188,-0.2231
-0.21195,-0.21882
-0.212,-0.21456
-0.21201,-0.21031
-0.212,-0.20607
-0.21196,-0.20185
-0.2119,-0.19765
-0.21181,-0.19347
-0.2117,-0.1893
-0.21156,-0.18515
-0.21139,-0.18102
-0.2112,-0.17691
-0.21099,-0.17281
-0.21075,-0.16873
-0.21049,-0.16468
-0.2102,-0.16064
-0.20989,-0.15662
-0.20956,-0.15262
-0.2092,-0.14864
-0.20882,-0.14469
-0.20842,-0.14075
-0.208,-0.13684
-0.20755,-0.13294
-0.20709,-0.12907
-0.2066,-0.12522
-0.20609,-0.1214
-0.20556,-0.11759
-0.20501,-0.11381
-0.20444,-0.11005
-0.20385,-0.10632
-0.20324,-0.10261
-0.20261,-0.098918
-0.20197,-0.095255
-0.2013,-0.091616
-0.20061,-0.088001
-0.19991,-0.084411
-0.19919,-0.080846
-0.19845,-0.077306
-0.19769,-0.073791
-0.19692,-0.070302
-0.19613,-0.066839
-0.19532,-0.063401
-0.19449,-0.059989
-0.19365,-0.056604
-0.1928,-0.053245
-0.19192,-0.049912
-0.19104,-0.046606
-0.19013,-0.043327
-0.18922,-0.040075
-0.18828,-0.03685
-0.18734,-0.033652
-0.18638,-0.030482
-0.1854,-0.027339
-0.18441,-0.024223
-0.18341,-0.021136
-0.1824,-0.018076
-0.18137,-0.015044
-0.18033,-0.012041
-0.17928,-0.0090651
-0.17822,-0.0061177
-0.17714,-0.0031988
-0.17605,-0.00030824
-0.17496,0.0025538
-0.17385,0.0053873
-0.17273,0.0081921
-0.1716,0.010968
-0.17045,0.013715
-0.1693,0.016434
-0.16814,0.019123
-0.16697,0.021784
-0.16579,0.024416
-0.1646,0.027018
-0.16341,0.029592
-0.1622,0.032136
-0.16099,0.034651
-0.15976,0.037137
-0.15853,0.039594
-0.15729,0.042022
-0.15605,0.04442
-0.15479,0.04679
-0.15353,0.049129
-0.15227,0.05144
-0.151,0.053722
-0.14972,0.055974
-0.14843,0.058197
-0.14714,0.060391
-0.14584,0.062555
-0.14454,0.06469
-0.14323,0.066797
-0.14192,0.068874
-0.1406,0.070922
-0.13928,0.07294
-0.13795,0.07493
-0.13662,0.076891
-0.13529,0.078823
-0.13395,0.080726
-0.13261,0.082599
-0.13126,0.084445
-0.12991,0.086261
-0.12856,0.088049
-0.12721,0.089808
-0.12585,0.091538
-0.12449,0.09324
-0.12313,0.094913
-0.12177,0.096558
-0.12041,0.098175
-0.11904,0.099763
-0.11767,0.10132
-0.1163,0.10286
-0.11493,0.10436
-0.11356,0.10584
-0.11219,0.10728
-0.11082,0.10871
-0.10945,0.1101
-0.10808,0.11146
-0.1067,0.1128
-0.10533,0.11411
-0.10396,0.1154
-0.10259,0.11665
-0.10122,0.11788
-0.09985,0.11909
-0.098482,0.12026
-0.097115,0.12141
-0.095749,0.12253
-0.094385,0.12363
-0.093022,0.1247
-0.091661,0.12575
-0.090303,0.12676
-0.088946,0.12776
-0.087592,0.12872
-0.08624,0.12966
-0.08489,0.13058
-0.083544,0.13147
-0.0822,0.13233
-0.080859,0.13317
-0.079521,0.13399
-0.078187,0.13478
-0.076856,0.13554
-0.075528,0.13628
-0.074205,0.137
-0.072885,0.13769
-0.071568,0.13836
-0.070256,0.139
-0.068949,0.13962
-0.067645,0.14022
-0.066346,0.14079
-0.065051,0.14134
-0.063761,0.14187
-0.062476,0.14237
-0.061196,0.14286
-0.05992,0.14331
-0.05865,0.14375
-0.057385,0.14416
-0.056126,0.14456
-0.054871,0.14493
-0.053623,0.14527
-0.052379,0.1456
-0.051142,0.14591
-0.04991,0.14619
-0.048685,0.14645
-0.047465,0.14669
-0.046252,0.14692
-0.045044,0.14712
-0.043843,0.1473
-0.042649,0.14746
-0.041461,0.1476
-0.040279,0.14772
-0.039104,0.14782
-0.037936,0.1479
-0.036774,0.14796
-0.03562,0.148
-0.034472,0.14803
-0.033331,0.14803
-0.032198,0.14802
-0.031072,0.14799
-0.029952,0.14794
-0.028841,0.14787
-0.027736,0.14778
-0.026639,0.14768
-0.02555,0.14756
-0.024468,0.14742
-0.023394,0.14727
-0.022327,0.14709
-0.021268,0.1469
-0.020217,0.1467
-0.019174,0.14648
-0.018138,0.14624
-0.017111,0.14599
-0.016092,0.14572
-0.01508,0.14543
-0.014077,0.14513
-0.013082,0.14482
-0.012095,0.14449
-0.011117,0.14414
-0.010146,0.14378
-0.0091842,0.14341
-0.0082305,0.14302
-0.0072852,0.14262
-0.0063484,0.1422
-0.0054199,0.14177
-0.0045,0.14132
-0.0035886,0.14087
-0.0026858,0.1404
-0.0017915,0.13992
-0.00090581,0.13942
-2.8778e-05,0.13891
0.0008396,0.13839
0.0016993,0.13786
0.0025503,0.13731
0.0033926,0.13676
0.0042261,0.13619
0.0050509,0.13561
0.0058669,0.13502
0.0066741,0.13442
0.0074725,0.13381
0.0082621,0.13318
0.0090428,0.13255
0.0098147,0.1319
0.010578,0.13125
0.011332,0.13059
0.012077,0.12991
0.012814,0.12923
0.013541,0.12854
0.01426,0.12783
0.01497,0.12712
0.015671,0.1264
0.016363,0.12567
0.017046,0.12494
0.01772,0.12419
0.018386,0.12344
0.019043,0.12268
0.01969,0.12191
0.020329,0.12113
0.020959,0.12035
0.02158,0.11955
0.022193,0.11875
0.022796,0.11795
0.023391,0.11714
0.023977,0.11632
0.024554,0.11549
0.025122,0.11466
0.025682,0.11382
0.026233,0.11298
0.026775,0.11213
0.027308,0.11127
0.027833,0.11041
0.028349,0.10954
0.028857,0.10867
0.029355,0.1078
0.029846,0.10691
0.030327,0.10603
0.0308,0.10514
0.031265,0.10424
0.031721,0.10334
0.032169,0.10244
0.032608,0.10153
0.033039,0.10062
0.033461,0.099709
0.033875,0.098792
0.034281,0.097871
0.034678,0.096947
0.035068,0.096019
0.035449,0.09509
0.035821,0.094157
0.036186,0.093222
0.036542,0.092284
0.036891,0.091344
0.037231,0.090402
0.037563,0.089458
0.037888,0.088512
0.038204,0.087565
0.038513,0.086616
0.038813,0.085665
0.039106,0.084713
0.039391,0.08376
0.039668,0.082806
0.039938,0.08185
0.0402,0.080895
0.040454,0.079938
0.040701,0.078981
0.04094,0.078023
0.041172,0.077065
0.041397,0.076107
0.041613,0.075149
0.041823,0.074191
0.042025,0.073233
0.04222,0.072276
0.042408,0.071319
0.042589,0.070362
0.042763,0.069406
0.042929,0.068451
0.043089,0.067497
0.043241,0.066543
0.043387,0.065591
0.043526,0.06464
0.043657,0.063691
0.043783,0.062742
0.043901,0.061796
0.044013,0.06085
0.044118,0.059907
0.044217,0.058965
0.044309,0.058026
0.044395,0.057088
0.044474,0.056153
0.044547,0.055219
0.044614,0.054288
0.044674,0.05336
0.044729,0.052434
0.044777,0.05151
0.044819,0.05059
0.044855,0.049672
0.044885,0.048756
0.044909,0.047844
0.044928,0.046935
0.04494,0.046029
0.044947,0.045126
0.044948,0.044226
0.044944,0.04333
0.044933,0.042437
0.044918,0.041548
0.044897,0.040662
0.04487,0.03978
0.044839,0.038902
0.044801,0.038027
0.044759,0.037157
0.044712,0.03629
0.044659,0.035427
0.044601,0.034569
0.044539,0.033714
0.044471,0.032864
0.044398,0.032018
0.044321,0.031177
0.044239,0.03034
0.044152,0.029507
0.04406,0.028679
0.043964,0.027855
0.043864,0.027037
0.043758,0.026222
0.043649,0.025413
0.043535,0.024608
0.043417,0.023809
0.043294,0.023014
0.043167,0.022224
0.043036,0.021439
0.042901,0.020659
0.042762,0.019885
0.042619,0.019115
0.042472,0.018351
0.042322,0.017592
0.042167,0.016838
0.042009,0.01609
0.041847,0.015347
0.041681,0.01461
0.041512,0.013877
0.041339,0.013151
0.041163,0.01243
0.040984,0.011714
0.040801,0.011004
0.040614,0.0103
0.040425,0.0096014
0.040232,0.0089085
0.040037,0.0082213
0.039838,0.0075399
0.039636,0.0068643
0.039431,0.0061945
0.039223,0.0055305
0.039013,0.0048724
0.038799,0.0042201
0.038583,0.0035738
0.038364,0.0029334
0.038143,0.002299
0.037919,0.0016706
0.037692,0.0010481
0.037463,0.0004317
0.037232,-0.0001787
0.036998,-0.00078305
0.036762,-0.0013813
0.036524,-0.0019735
0.036283,-0.0025596
0.03604,-0.0031396
0.035795,-0.0037135
0.035548,-0.0042813
0.035299,-0.0048429
0.035049,-0.0053983
0.034796,-0.0059476
0.034541,-0.0064907
0.034285,-0.0070277
0.034026,-0.0075585
0.033767,-0.0080831
0.033505,-0.0086015
0.033242,-0.0091137
0.032977,-0.0096197
0.032711,-0.010119
0.032443,-0.010613
0.032174,-0.0111
0.031904,-0.011582
0.031632,-0.012057
0.031359,-0.012525
0.031085,-0.012988
0.030809,-0.013445
0.030532,-0.013895
0.030255,-0.014339
0.029976,-0.014777
0.029696,-0.015208
0.029416,-0.015634
0.029134,-0.016053
0.028852,-0.016466
0.028569,-0.016874
0.028284,-0.017275
0.028,-0.017669
0.027714,-0.018058
0.027428,-0.018441
0.027142,-0.018817
0.026854,-0.019188
0.026567,-0.019552
0.026278,-0.019911
0.02599,-0.020263
0.025701,-0.020609
0.025411,-0.02095
0.025121,-0.021284
0.024831,-0.021612
0.024541,-0.021935
0.024251,-0.022251
0.02396,-0.022562
0.023669,-0.022867
0.023378,-0.023166
0.023087,-0.023459
0.022797,-0.023746
0.022506,-0.024027
0.022215,-0.024303
0.021924,-0.024573
0.021633,-0.024837
0.021343,-0.025095
0.021053,-0.025348
0.020763,-0.025595
0.020473,-0.025836
0.020184,-0.026072
0.019894,-0.026303
0.019606,-0.026527
0.019317,-0.026746
0.01903,-0.02696
0.018742,-0.027168
0.018455,-0.027371
0.018169,-0.027568
0.017883,-0.02776
0.017598,-0.027946
0.017313,-0.028127
0.017029,-0.028303
0.016746,-0.028474
0.016463,-0.028639
0.016181,-0.028799
0.0159,-0.028954
0.01562,-0.029104
0.01534,-0.029249
0.015061,-0.029388
0.014784,-0.029523
0.014507,-0.029652
0.014231,-0.029777
0.013956,-0.029897
0.013682,-0.030011
0.013409,-0.030121
0.013136,-0.030226
0.012865,-0.030326
0.012596,-0.030421
0.012327,-0.030512
0.012059,-0.030598
0.011792,-0.030679
0.011527,-0.030756
0.011263,-0.030828
0.011,-0.030895
0.010738,-0.030958
0.010477,-0.031016
0.010218,-0.03107
0.0099597,-0.03112
0.009703,-0.031165
0.0094475,-0.031206
0.0091935,-0.031242
0.0089407,-0.031275
0.0086894,-0.031303
0.0084394,-0.031326
0.0081909,-0.031346
0.0079438,-0.031362
0.0076981,-0.031373
0.0074539,-0.031381
0.0072112,-0.031384
0.00697,-0.031383
0.0067303,-0.031379
0.0064921,-0.031371
0.0062555,-0.031359
0.0060204,-0.031343
0.0057869,-0.031323
0.0055549,-0.0313
0.0053246,-0.031272
0.0050959,-0.031242
0.0048687,-0.031207
0.0046433,-0.031169
0.0044194,-0.031128
0.0041973,-0.031083
0.0039768,-0.031035
0.0037579,-0.030983
0.0035408,-0.030928
0.0033254,-0.030869
0.0031117,-0.030808
0.0028997,-0.030743
0.0026894,-0.030675
0.0024809,-0.030603
0.0022741,-0.030529
0.0020691,-0.030451
0.0018658,-0.030371
0.0016644,-0.030287
0.0014647,-0.030201
0.0012668,-0.030111
0.0010706,-0.030019
0.00087634,-0.029924
0.00068384,-0.029826
0.00049316,-0.029725
0.00030429,-0.029621
0.00011726,-0.029515
-6.7946e-05,-0.029407
-0.00025131,-0.029295
-0.00043284,-0.029181
-0.00061251,-0.029065
-0.00079034,-0.028946
-0.00096631,-0.028824
-0.0011404,-0.028701
-0.0013127,-0.028574
-0.0014831,-0.028446
-0.0016516,-0.028315
-0.0018182,-0.028182
-0.001983,-0.028047
-0.0021459,-0.02791
-0.0023069,-0.02777
-0.0024661,-0.027628
-0.0026233,-0.027485
-0.0027787,-0.027339
-0.0029322,-0.027191
-0.0030838,-0.027042
-0.0032336,-0.02689
-0.0033814,-0.026737
-0.0035274,-0.026582
-0.0036715,-0.026425
-0.0038137,-0.026266
-0.003954,-0.026105
-0.0040925,-0.025943
-0.004229,-0.025779
-0.0043637,-0.025614
-0.0044965,-0.025447
-0.0046275,-0.025279
-0.0047565,-0.025109
-0.0048838,-0.024937
-0.0050091,-0.024764
-0.0051326,-0.02459
-0.0052542,-0.024414
-0.0053739,-0.024237
-0.0054918,-0.024059
-0.0056079,-0.02388
-0.0057221,-0.023699
-0.0058344,-0.023517
-0.0059449,-0.023334
-0.0060536,-0.02315
-0.0061605,-0.022965
-0.0062655,-0.022779
-0.0063687,-0.022591
-0.0064701,-0.022403
-0.0065697,-0.022214
-0.0066675,-0.022024
-0.0067634,-0.021833
-0.0068576,-0.021641
-0.00695,-0.021449
-0.0070406,-0.021255
-0.0071295,-0.021061
-0.0072166,-0.020866
-0.0073019,-0.020671
-0.0073854,-0.020475
-0.0074672,-0.020278
-0.0075473,-0.020081
-0.0076256,-0.019883
-0.0077022,-0.019684
-0.0077771,-0.019485
-0.0078503,-0.019286
-0.0079218,-0.019086
-0.0079915,-0.018886
-0.0080596,-0.018685
-0.008126,-0.018484
-0.0081908,-0.018282
-0.0082538,-0.018081
-0.0083153,-0.017879
-0.008375,-0.017677
-0.0084332,-0.017474
-0.0084897,-0.017272
-0.0085446,-0.017069
-0.0085978,-0.016866
-0.0086495,-0.016663
-0.0086996,-0.01646
-0.0087481,-0.016257
-0.008795,-0.016054
-0.0088404,-0.015851
-0.0088842,-0.015648
-0.0089265,-0.015445
-0.0089672,-0.015242
-0.0090065,-0.015039
-0.0090442,-0.014836
-0.0090804,-0.014633
-0.0091151,-0.014431
-0.0091483,-0.014229
-0.00918,-0.014027
-0.0092103,-0.013825
-0.0092392,-0.013624
-0.0092666,-0.013422
-0.0092925,-0.013221
-0.0093171,-0.013021
-0.0093403,-0.012821
-0.009362,-0.012621
-0.0093824,-0.012421
-0.0094014,-0.012222
-0.009419,-0.012024
-0.0094353,-0.011825
-0.0094502,-0.011628
-0.0094638,-0.011431
-0.0094761,-0.011234
-0.0094871,-0.011038
-0.0094968,-0.010842
-0.0095052,-0.010647
-0.0095123,-0.010453
-0.0095182,-0.010259
-0.0095228,-0.010066
-0.0095262,-0.0098735
-0.0095284,-0.0096817
-0.0095294,-0.0094905
-0.0095291,-0.0093001
-0.0095277,-0.0091104
-0.0095251,-0.0089214
-0.0095213,-0.0087331
-0.0095164,-0.0085457
-0.0095103,-0.008359
-0.0095031,-0.0081731
-0.0094948,-0.007988
-0.0094854,-0.0078038
-0.0094749,-0.0076204
-0.0094633,-0.0074378
-0.0094506,-0.0072561
-0.0094369,-0.0070754
-0.0094222,-0.0068955
-0.0094064,-0.0067165
-0.0093896,-0.0065385
-0.0093717,-0.0063614
-0.0093529,-0.0061852
-0.0093331,-0.00601
-0.0093124,-0.0058358
-0.0092906,-0.0056626
-0.009268,-0.0054904
-0.0092443,-0.0053192
-0.0092198,-0.0051491
-0.0091944,-0.0049799
-0.009168,-0.0048119
-0.0091408,-0.0046448
-0.0091127,-0.0044789
-0.0090837,-0.004314
-0.0090539,-0.0041502
-0.0090233,-0.0039875
-0.0089918,-0.0038259
-0.0089595,-0.0036655
-0.0089264,-0.0035061
-0.0088926,-0.0033479
-0.0088579,-0.0031909
-0.0088225,-0.003035
-0.0087863,-0.0028802
-0.0087494,-0.0027266
-0.0087118,-0.0025742
-0.0086734,-0.002423
-0.0086343,-0.002273
-0.0085946,-0.0021242
-0.0085541,-0.0019765
-0.008513,-0.0018301
-0.0084713,-0.0016849
-0.0084288,-0.0015409
-0.0083858,-0.0013982
-0.0083421,-0.0012567
-0.0082978,-0.0011164
-0.008253,-0.00097738
-0.0082075,-0.00083961
-0.0081614,-0.00070309
-0.0081148,-0.00056783
-0.0080676,-0.00043383
-0.0080199,-0.00030111
-0.0079717,-0.00016965
-0.0079229,-3.9476e-05
-0.0078737,8.942e-05
-0.0078239,0.00021703
-0.0077736,0.00034336
-0.0077229,0.00046839
-0.0076717,0.00059213
-0.0076201,0.00071458
-0.007568,0.00083572
-0.0075154,0.00095557
-0.0074625,0.0010741
-0.0074091,0.0011913
-0.0073554,0.0013073
-0.0073013,0.0014219
-0.0072467,0.0015352
-0.0071918,0.0016472
-0.0071366,0.0017579
-0.007081,0.0018673
-0.0070251,0.0019753
-0.0069688,0.0020821
-0.0069123,0.0021875
-0.0068554,0.0022917
-0.0067982,0.0023945
-0.0067408,0.002496
-0.006683,0.0025961
-0.006625,0.002695
-0.0065668,0.0027925
-0.0065083,0.0028888
-0.0064496,0.0029837
-0.0063906,0.0030773
-0.0063314,0.0031696
-0.006272,0.0032606
-0.0062125,0.0033503
-0.0061527,0.0034387
-0.0060928,0.0035258
-0.0060326,0.0036116
-0.0059724,0.0036961
-0.0059119,0.0037793
-0.0058514,0.0038612
-0.0057907,0.0039418
-0.0057298,0.0040211
-0.0056689,0.0040991
-0.0056078,0.0041759
-0.0055467,0.0042513
-0.0054855,0.0043255
-0.0054241,0.0043984
-0.0053627,0.0044701
-0.0053013,0.0045405
-0.0052398,0.0046096
-0.0051782,0.0046774
-0.0051166,0.0047441
-0.005055,0.0048094
-0.0049933,0.0048735
-0.0049317,0.0049364
-0.00487,0.004998
-0.0048083,0.0050584
-0.0047467,0.0051176
-0.004685,0.0051755
-0.0046234,0.0052322
-0.0045618,0.0052877
-0.0045002,0.005342
-0.0044387,0.0053951
-0.0043772,0.005447
-0.0043158,0.0054977
-0.0042545,0.0055473
-0.0041932,0.0055956
-0.0041321,0.0056428
-0.004071,0.0056887
-0.00401,0.0057336
-0.0039491,0.0057772
-0.0038883,0.0058197
-0.0038276,0.0058611
-0.0037671,0.0059013
-0.0037066,0.0059404
-0.0036463,0.0059783
-0.0035862,0.0060152
-0.0035262,0.0060509
-0.0034663,0.0060855
-0.0034066,0.006119
-0.0033471,0.0061514
-0.0032877,0.0061828
-0.0032285,0.006213
-0.0031695,0.0062422
-0.0031107,0.0062703
-0.0030521,0.0062973
-0.0029936,0.0063233
-0.0029354,0.0063482
-0.0028774,0.0063721
-0.0028196,0.006395
-0.002762,0.0064168
-0.0027046,0.0064376
-0.0026475,0.0064574
-0.0025906,0.0064762
-0.0025339,0.006494
-0.0024775,0.0065109
-0.0024213,0.0065267
-0.0023654,0.0065416
-0.0023097,0.0065555
-0.0022543,0.0065684
-0.0021992,0.0065804
-0.0021443,0.0065915
-0.0020897,0.0066016
-0.0020354,0.0066108
-0.0019813,0.0066191
-0.0019276,0.0066265
-0.0018741,0.006633
-0.0018209,0.0066385
-0.0017681,0.0066432
-0.0017155,0.0066471
-0.0016632,0.00665
-0.0016113,0.0066521
-0.0015596,0.0066533
-0.0015083,0.0066537
-0.0014573,0.0066533
-0.0014066,0.006652
-0.0013562,0.0066499
-0.0013062,0.006647
-0.0012565,0.0066433
-0.0012071,0.0066388
-0.0011581,0.0066336
-0.0011094,0.0066275
-0.001061,0.0066207
-0.001013,0.0066131
-0.00096534,0.0066047
-0.00091803,0.0065957
-0.00087107,0.0065858
-0.00082446,0.0065753
-0.00077821,0.006564
-0.00073233,0.0065521
-0.0006868,0.0065394
-0.00064163,0.006526
-0.00059684,0.006512
-0.00055241,0.0064973
-0.00050835,0.0064819
-0.00046466,0.0064658
-0.00042134,0.0064491
-0.0003784,0.0064318
-0.00033584,0.0064138
-0.00029365,0.0063952
-0.00025185,0.006376
-0.00021042,0.0063562
-0.00016938,0.0063358
-0.00012872,0.0063148
-8.845e-05,0.0062932
-4.8565e-05,0.006271
-9.0674e-06,0.0062483
3.0041e-05,0.006225
6.876e-05,0.0062012
0.00010709,0.0061768
0.00014502,0.0061519
0.00018257,0.0061265
0.00021972,0.0061006
0.00025647,0.0060741
0.00029283,0.0060472
0.0003288,0.0060197
0.00036436,0.0059918
0.00039954,0.0059634
0.00043431,0.0059346
0.00046869,0.0059053
0.00050267,0.0058755
0.00053625,0.0058453
0.00056943,0.0058147
0.00060221,0.0057836
0.00063459,0.0057521
0.00066658,0.0057202
0.00069816,0.005688
0.00072935,0.0056553
0.00076014,0.0056222
0.00079052,0.0055888
0.00082051,0.005555
0.0008501,0.0055208
0.0008793,0.0054863
0.00090809,0.0054514
0.00093649,0.0054162
0.00096448,0.0053807
0.00099209,0.0053449
0.0010193,0.0053087
0.0010461,0.0052722
0.0010725,0.0052355
0.0010985,0.0051984
0.0011242,0.005161
0.0011494,0.0051234
0.0011742,0.0050855
0.0011987,0.0050474
0.0012227,0.005009
0.0012464,0.0049703
0.0012697,0.0049314
0.0012925,0.0048923
0.001315,0.004853
0.0013372,0.0048134
0.0013589,0.0047736
0.0013802,0.0047336
0.0014012,0.0046934
0.0014218,0.0046531
0.001442,0.0046125
0.0014618,0.0045718
0.0014812,0.0045309
0.0015003,0.0044898
0.001519,0.0044486
0.0015373,0.0044073
0.0015552,0.0043657
0.0015728,0.0043241
0.00159,0.0042823
0.0016068,0.0042404
0.0016233,0.0041984
0.0016393,0.0041563
0.0016551,0.0041141
0.0016704,0.0040718
0.0016855,0.0040293
0.0017001,0.0039868
0.0017144,0.0039443
0.0017283,0.0039016
0.0017419,0.0038589
0.0017551,0.0038161
0.001768,0.0037733
0.0017806,0.0037304
0.0017928,0.0036875
0.0018046,0.0036445
0.0018161,0.0036015
0.0018273,0.0035585
0.0018381,0.0035155
0.0018486,0.0034724
0.0018587,0.0034294
0.0018685,0.0033863
0.001878,0.0033432
0.0018872,0.0033002
0.001896,0.0032571
0.0019045,0.0032141
0.0019127,0.0031711
0.0019206,0.0031281
0.0019281,0.0030852
0.0019353,0.0030423
0.0019423,0.0029994
0.0019489,0.0029566
0.0019552,0.0029139
0.0019611,0.0028712
0.0019668,0.0028285
0.0019722,0.002786
0.0019773,0.0027435
0.0019821,0.0027011
0.0019866,0.0026587
0.0019908,0.0026165
0.0019947,0.0025743
0.0019983,0.0025322
0.0020017,0.0024903
0.0020047,0.0024484
0.0020075,0.0024067
0.00201,0.002365
0.0020122,0.0023235
0.0020141,0.0022821
0.0020158,0.0022408
0.0020172,0.0021996
0.0020184,0.0021586
0.0020192,0.0021177
0.0020199,0.0020769
0.0020202,0.0020363
0.0020203,0.0019959
0.0020202,0.0019555
0.0020198,0.0019154
0.0020191,0.0018754
0.0020182,0.0018355
0.0020171,0.0017959
0.0020157,0.0017563
0.0020141,0.001717
0.0020122,0.0016778
0.0020101,0.0016389
0.0020078,0.0016
0.0020052,0.0015614
0.0020025,0.001523
0.0019995,0.0014847
0.0019963,0.0014467
0.0019928,0.0014088
0.0019892,0.0013711
0.0019853,0.0013337
0.0019812,0.0012964
0.001977,0.0012593
0.0019725,0.0012225
0.0019678,0.0011859
0.0019629,0.0011494
0.0019578,0.0011132
0.0019525,0.0010772
0.0019471,0.0010415
0.0019414,0.0010059
0.0019356,0.00097061
0.0019295,0.00093551
0.0019233,0.00090065
0.0019169,0.00086602
0.0019104,0.00083162
0.0019036,0.00079746
0.0018967,0.00076354
0.0018896,0.00072985
0.0018824,0.00069641
0.001875,0.00066321
0.0018674,0.00063025
0.0018597,0.00059754
0.0018518,0.00056508
0.0018437,0.00053287
0.0018355,0.00050092
0.0018272,0.00046921
0.0018187,0.00043776
0.0018101,0.00040656
0.0018013,0.00037562
0.0017924,0.00034494
0.0017833,0.00031453
0.0017742,0.00028437
0.0017649,0.00025447
0.0017554,0.00022484
0.0017458,0.00019547
0.0017362,0.00016637
0.0017263,0.00013753
0.0017164,0.00010896
0.0017064,8.066e-05
0.0016962,5.2629e-05
0.0016859,2.4868e-05
0.0016756,-2.6217e-06
0.0016651,-2.984e-05
0.0016545,-5.6785e-05
0.0016438,-8.3457e-05
0.001633,-0.00010986
0.0016221,-0.00013598
0.0016111,-0.00016183
0.0016,-0.0001874
0.0015888,-0.0002127
0.0015776,-0.00023772
0.0015662,-0.00026247
0.0015548,-0.00028693
0.0015433,-0.00031112
0.0015317,-0.00033503
0.00152,-0.00035867
0.0015083,-0.00038202
0.0014965,-0.0004051
0.0014846,-0.0004279
0.0014726,-0.00045042
0.0014606,-0.00047266
0.0014485,-0.00049462
0.0014364,-0.00051631
0.0014242,-0.00053771
0.0014119,-0.00055884
0.0013996,-0.00057969
0.0013872,-0.00060026
0.0013748,-0.00062055
0.0013624,-0.00064056
0.0013498,-0.0006603
0.0013373,-0.00067976
0.0013247,-0.00069894
0.001312,-0.00071785
0.0012993,-0.00073647
0.0012866,-0.00075483
0.0012739,-0.0007729
0.0012611,-0.0007907
0.0012482,-0.00080823
0.0012354,-0.00082548
0.0012225,-0.00084246
0.0012096,-0.00085917
0.0011967,-0.0008756
0.0011837,-0.00089177
0.0011707,-0.00090766
0.0011578,-0.00092328
0.0011447,-0.00093863
0.0011317,-0.00095371
0.0011187,-0.00096853
0.0011056,-0.00098307
0.0010926,-0.00099735
0.0010795,-0.0010114
0.0010665,-0.0010251
0.0010534,-0.0010386
0.0010403,-0.0010518
0.0010272,-0.0010648
0.0010142,-0.0010775
0.0010011,-0.0010899
0.00098802,-0.0011021
0.00097496,-0.001114
0.0009619,-0.0011257
0.00094885,-0.0011371
0.00093582,-0.0011483
0.00092279,-0.0011592
0.00090978,-0.0011698
0.00089678,-0.0011802
0.0008838,-0.0011904
0.00087084,-0.0012003
0.00085789,-0.0012099
0.00084497,-0.0012193
0.00083207,-0.0012285
0.00081919,-0.0012374
0.00080634,-0.001246
0.00079351,-0.0012545
0.00078071,-0.0012627
0.00076794,-0.0012706
0.0007552,-0.0012783
0.00074249,-0.0012858
0.00072981,-0.0012931
0.00071717,-0.0013001
0.00070456,-0.0013068
0.00069199,-0.0013134
0.00067945,-0.0013197
0.00066696,-0.0013258
0.0006545,-0.0013317
0.00064209,-0.0013373
0.00062972,-0.0013427
0.00061739,-0.0013479
0.00060511,-0.0013529
0.00059287,-0.0013577
0.00058068,-0.0013622
0.00056854,-0.0013665
0.00055644,-0.0013707
0.0005444,-0.0013746
0.0005324,-0.0013782
0.00052046,-0.0013817
0.00050857,-0.001385
0.00049674,-0.0013881
0.00048496,-0.0013909
0.00047324,-0.0013936
0.00046157,-0.0013961
0.00044996,-0.0013983
0.00043841,-0.0014004
0.00042691,-0.0014023
0.00041548,-0.001404
0.00040411,-0.0014054
0.0003928,-0.0014067
0.00038155,-0.0014078
0.00037037,-0.0014088
0.00035925,-0.0014095
0.00034819,-0.0014101
0.0003372,-0.0014104
0.00032628,-0.0014106
0.00031543,-0.0014106
0.00030464,-0.0014105
0.00029392,-0.0014101
0.00028327,-0.0014096
0.00027269,-0.0014089
0.00026218,-0.0014081
0.00025174,-0.0014071
0.00024137,-0.0014059
0.00023108,-0.0014045
0.00022085,-0.001403
0.0002107,-0.0014013
0.00020063,-0.0013995
0.00019063,-0.0013975
0.0001807,-0.0013954
0.00017085,-0.0013931
0.00016108,-0.0013906
0.00015138,-0.001388
0.00014176,-0.0013853
0.00013221,-0.0013824
0.00012275,-0.0013794
0.00011336,-0.0013762
0.00010405,-0.0013729
9.4819e-05,-0.0013694
8.5668e-05,-0.0013658
7.6596e-05,-0.0013621
6.7604e-05,-0.0013582
5.8693e-05,-0.0013542
4.9862e-05,-0.0013501
4.1112e-05,-0.0013459
3.2444e-05,-0.0013415
2.3857e-05,-0.001337
1.5351e-05,-0.0013323
6.9283e-06,-0.0013276
-1.4124e-06,-0.0013227
-9.6707e-06,-0.0013177
-1.7846e-05,-0.0013126
-2.5939e-05,-0.0013074
-3.3948e-05,-0.0013021
-4.1874e-05,-0.0012967
-4.9717e-05,-0.0012911
-5.7475e-05,-0.0012855
-6.515e-05,-0.0012797
-7.2742e-05,-0.0012739
-8.0249e-05,-0.0012679
-8.7672e-05,-0.0012619
-9.501e-05,-0.0012557
-0.00010226,-0.0012494
-0.00010943,-0.0012431
-0.00011652,-0.0012367
-0.00012352,-0.0012301
-0.00013044,-0.0012235
-0.00013727,-0.0012168
-0.00014402,-0.00121
-0.00015068,-0.0012031
-0.00015726,-0.0011962
-0.00016375,-0.0011891
-0.00017016,-0.001182
-0.00017648,-0.0011748
-0.00018272,-0.0011675
-0.00018888,-0.0011602
-0.00019495,-0.0011528
-0.00020093,-0.0011453
-0.00020684,-0.0011377
-0.00021265,-0.0011301
-0.00021839,-0.0011224
-0.00022404,-0.0011146
-0.0002296,-0.0011068
-0.00023509,-0.0010989
-0.00024049,-0.001091
-0.0002458,-0.001083
-0.00025103,-0.0010749
-0.00025618,-0.0010668
-0.00026125,-0.0010587
-0.00026623,-0.0010505
-0.00027113,-0.0010422
-0.00027595,-0.0010339
-0.00028069,-0.0010255
-0.00028535,-0.0010171
-0.00028992,-0.0010087
-0.00029441,-0.0010002
-0.00029882,-0.00099162
